id,gender,masterCategory,subCategory,articleType,baseColour,season,year,usage,productDisplayName
4082,Men,Apparel,Topwear,Tshirts,Beige,Summer,2011.0,Casual,Inkfruit Men's Avast Ye Beige T-shirt
11363,Men,Apparel,Topwear,Tshirts,Black,Summer,2011.0,Casual,United Colors of Benetton Men Solid Black Tshirt
14654,Men,Apparel,Topwear,Tshirts,Blue,Fall,2011.0,Casual,Probase Men Funky Music Aqua Blue Tshirts
48407,Men,Apparel,Topwear,Tshirts,Brown,Summer,2012.0,Casual,French Connection Men Brown Printed T-shirt
38479,Boys,Apparel,Topwear,Tshirts,Green,Summer,2012.0,Casual,Gini and Jony Boys Core Green T-shirt
9869,Men,Apparel,Topwear,Tshirts,Grey,Fall,2011.0,Casual,Status Quo Men Grey Polo Tshirts
2936,Women,Apparel,Topwear,Tshirts,Maroon,Fall,2010.0,Casual,DUSG Women's Red Polo T-shirt
24270,Men,Apparel,Topwear,Tshirts,Navy Blue,Fall,2011.0,Casual,Quiksilver Men Navy Blue T-shirt
15160,Men,Apparel,Topwear,Tshirts,Orange,Fall,2011.0,Casual,Arrow Sport Men Stripes Orange Polo Tshirts
12932,Men,Apparel,Topwear,Tshirts,Pink,Fall,2011.0,Casual,Classic Polo Men Insignia Pink Tshirts
16821,Women,Apparel,Topwear,Tshirts,Purple,Fall,2011.0,Casual,Little Miss Women Printed Purple T-shirt
34261,Boys,Apparel,Topwear,Tshirts,Red,Summer,2012.0,Casual,Gini and Jony Boys Printed Red T-shirt
3944,Women,Apparel,Topwear,Tshirts,White,Summer,2011.0,Casual,Jealous 21 Women's White Happy Preetiest T-shirt
2345,Men,Apparel,Topwear,Tshirts,Yellow,Fall,2010.0,Casual,Reebok Men Graphic Yellow T-shirt
34206,Men,Apparel,Topwear,Tshirts,Beige,Summer,2012.0,Casual,Proline Men Beige T-shirt
14534,Men,Apparel,Topwear,Tshirts,Black,Fall,2011.0,Casual,Mark Taylor Men Printed Black Tshirts
16285,Men,Apparel,Topwear,Tshirts,Blue,Fall,2011.0,Casual,Peter England Men Printed Blue TShirt
7291,Men,Apparel,Topwear,Tshirts,Brown,Fall,2011.0,Casual,Mickey Men's Donald Salute Star Brown T-shirt
8280,Men,Apparel,Topwear,Tshirts,Green,Fall,2011.0,Casual,Mr.Men Men's Green Black T-shirt
6166,Men,Apparel,Topwear,Tshirts,Grey,Summer,2011.0,Casual,Lee Men's City Stormy Grey T-shirt
28491,Men,Apparel,Topwear,Tshirts,Maroon,Fall,2012.0,Casual,Urban Yoga Men Maroon T-shirt
16637,Men,Apparel,Topwear,Tshirts,Navy Blue,Summer,2016.0,Casual,Facit Men Smart Navy Blue Tshirt
2687,Women,Apparel,Topwear,Tshirts,Orange,Summer,2011.0,Casual,Inkfruit Women's Love Wood Orange T-shirt
3079,Men,Apparel,Topwear,Tshirts,Pink,Summer,2011.0,Casual,Probase Men's Player Pink T-shirt
9790,Women,Apparel,Topwear,Tshirts,Purple,Fall,2011.0,Sports,Puma Women Large Logo Purple Tshirts
4752,Men,Apparel,Topwear,Tshirts,Red,Summer,2011.0,Sports,ADIDAS Men's Red Polo T-shirt
13511,Men,Apparel,Topwear,Tshirts,White,Fall,2011.0,Casual,Chimp Men Mumbai Opens White Tshirts
34426,Women,Apparel,Topwear,Tshirts,Yellow,Summer,2012.0,Casual,Myntra Women Face Yellow T-shirt
26261,Men,Apparel,Topwear,Tshirts,Beige,Summer,2013.0,Casual,Proline Men Beige Polo Tshirt
32440,Men,Apparel,Topwear,Tshirts,Black,Summer,2012.0,Sports,ADIDAS Men Black Polo T-shirt
18618,Men,Apparel,Topwear,Tshirts,Blue,Fall,2011.0,Casual,Puma Men Team Essential Moonlight Steelblue Polo Tshirts
16421,Men,Apparel,Topwear,Tshirts,Brown,Fall,2011.0,Casual,Levi's Men Stripes Brown Tshirts
16448,Men,Apparel,Topwear,Tshirts,Green,Fall,2011.0,Casual,Levi's Men Stripes Green Tshirts
19456,Men,Apparel,Topwear,Tshirts,Grey,Summer,2012.0,Casual,Quiksilver Men Printed Grey T-shirt
14646,Men,Apparel,Topwear,Tshirts,Maroon,Fall,2011.0,Casual,Probase Men Funky Music Maroon Tshirts
28929,Men,Apparel,Topwear,Tshirts,Navy Blue,Summer,2012.0,Casual,Mr. Men Printed Navy Blue T-shirt
11725,Men,Apparel,Topwear,Tshirts,Orange,Fall,2011.0,Casual,Lee Men Printed Orange Tshirts
20330,Men,Apparel,Topwear,Tshirts,Pink,Fall,2011.0,Casual,Mr.Men Little Miss Men Printed Fushia Pink Tshirt
24567,Women,Apparel,Topwear,Tshirts,Purple,Summer,2012.0,Casual,Lee Women Crownjewel Purple T-Shirt
10602,Men,Apparel,Topwear,Tshirts,Red,Fall,2011.0,Sports,Nike Men Football Soccer Red Jerseys
6251,Women,Apparel,Topwear,Tshirts,White,Summer,2011.0,Casual,Lee Women's Fergie White T-shirt
43085,Women,Apparel,Topwear,Tshirts,Yellow,Summer,2012.0,Sports,Nike Women Yellow Polo Neck T-shirt
37154,Men,Apparel,Topwear,Tshirts,Beige,Summer,2016.0,Casual,Campbell Men Pack of 3 T-shirts
6482,Men,Apparel,Topwear,Tshirts,Black,Summer,2011.0,Casual,ADIDAS Men's Strip Polo Black Green T-shirt
1165,Men,Apparel,Topwear,Tshirts,Blue,Summer,2013.0,Sports,Nike Mean Team India Cricket Jersey
7341,Men,Apparel,Topwear,Tshirts,Brown,Fall,2011.0,Casual,Tantra Men Brown T-shirt
40974,Boys,Apparel,Topwear,Tshirts,Green,Summer,2012.0,Casual,Gini and Jony Boys United Green T-shirt
19631,Men,Apparel,Topwear,Tshirts,Grey,Summer,2011.0,Casual,United Colors of Benetton Men Solid Grey T-shirt
2837,Men,Apparel,Topwear,Tshirts,Maroon,Summer,2011.0,Casual,Mr.Men Maroon T-shirt
40098,Men,Apparel,Topwear,Tshirts,Navy Blue,Summer,2012.0,Casual,ADIDAS Men Navy Blue T-shirt
8384,Girls,Apparel,Topwear,Tshirts,Orange,Fall,2011.0,Casual,Doodle Girl's Hippie Chic Orange Kidswear
12645,Men,Apparel,Topwear,Tshirts,Pink,Fall,2011.0,Casual,Probase Men Stripes Pink Polo T-shirts
11027,Women,Apparel,Topwear,Tshirts,Purple,Fall,2011.0,Casual,Wrangler Women Poloroid Purple T-Shirts
6716,Men,Apparel,Topwear,Tshirts,Red,Summer,2011.0,Casual,Locomotive Men's Round Neck Red T-shirt
26866,Women,Apparel,Topwear,Tshirts,White,Summer,2012.0,Casual,Jealous 21 Women Printed White T-shirt
10690,Men,Apparel,Topwear,Tshirts,Yellow,Fall,2011.0,Casual,Doodle Boy Mummy daddy me Yellow Tshirts
37153,Men,Apparel,Topwear,Tshirts,Beige,Summer,2016.0,Casual,Campbell Men Pack of 3 T-shirt
32962,Men,Apparel,Topwear,Tshirts,Black,Summer,2012.0,Casual,Angry Birds Men Printed Black T-shirt
6037,Women,Apparel,Topwear,Tshirts,Blue,Summer,2011.0,Casual,UCB Women's With Crystal Benetton At Front Blue T-shirt
6940,Men,Apparel,Topwear,Tshirts,Brown,Summer,2011.0,Casual,Tantra Men's Yoga Choco T-shirt
41593,Men,Apparel,Topwear,Shirts,Beige,Summer,2012.0,Casual,Basics Men Beige Striped Shirt
8796,Men,Apparel,Topwear,Shirts,Black,Fall,2011.0,Casual,Scullers Men Black White Check Shirt
9631,Men,Apparel,Topwear,Shirts,Blue,Fall,2011.0,Casual,Indigo Nation Men Price catch Blue Shirts
19835,Men,Apparel,Topwear,Shirts,Brown,Fall,2011.0,Casual,U.S. Polo Assn. Men Check Brown Shirt
29821,Men,Apparel,Topwear,Shirts,Green,Summer,2012.0,Casual,Basics Men Green Checked Shirt
56770,Men,Apparel,Topwear,Shirts,Grey,Summer,2012.0,Casual,Horsefly Men Grey & Blue Striped Shirt
19182,Men,Apparel,Topwear,Shirts,Maroon,Fall,2011.0,Casual,United Colors Of Benetton Men Maroon Check Shirt
30106,Men,Apparel,Topwear,Shirts,Navy Blue,Summer,2012.0,Casual,Flying Machine Men Navy Blue Shirt
17539,Men,Apparel,Topwear,Shirts,Orange,Fall,2011.0,Formal,Mark Taylor Men Orange & White Striped Shirt
59439,Men,Apparel,Topwear,Shirts,Pink,Fall,2012.0,Formal,Arrow Men Pink Slim Fit Shirt
17726,Men,Apparel,Topwear,Shirts,Purple,Fall,2011.0,Casual,Reid & Taylor Men Stripes Purple Shirt
12303,Men,Apparel,Topwear,Shirts,Red,Fall,2011.0,Formal,Genesis Men Check Red Shirts
10788,Men,Apparel,Topwear,Shirts,White,Fall,2011.0,Casual,Wrangler Men Malbork White Shirt
11678,Men,Apparel,Topwear,Shirts,Yellow,Fall,2011.0,Casual,Lee Men Check Yellow Shirts
13929,Men,Apparel,Topwear,Shirts,Beige,Summer,2011.0,Casual,United Colors of Benetton Men Solid Beige Shirts
12298,Men,Apparel,Topwear,Shirts,Black,Fall,2011.0,Formal,Genesis Men Check Black Shirts
8183,Men,Apparel,Topwear,Shirts,Blue,Summer,2011.0,Casual,Locomotive Men Check Lae Blue Shirts
19829,Men,Apparel,Topwear,Shirts,Brown,Fall,2011.0,Casual,U.S. Polo Assn. Men Check Brown Shirt
5993,Men,Apparel,Topwear,Shirts,Green,Summer,2011.0,Casual,Locomotive Men Green Grey White Checked Shirt
12259,Men,Apparel,Topwear,Shirts,Grey,Winter,2011.0,Formal,Genesis Grey Formal Shirt
19709,Men,Apparel,Topwear,Shirts,Maroon,Fall,2011.0,Casual,United Colors of Benetton Men Check Maroon Shirt
41620,Men,Apparel,Topwear,Shirts,Navy Blue,Summer,2012.0,Casual,Basics Men Navy Shirt
51423,Men,Apparel,Topwear,Shirts,Orange,Summer,2012.0,Casual,Myntra Men Orange Check Shirt
17546,Men,Apparel,Topwear,Shirts,Pink,Fall,2011.0,Formal,Mark Taylor Men Pink & White Striped Shirt
11145,Men,Apparel,Topwear,Shirts,Purple,Fall,2011.0,Casual,Indigo Nation Men Bling Purple Shirts
13736,Men,Apparel,Topwear,Shirts,Red,Fall,2011.0,Casual,Belmonte Men Check Red Shirts
11111,Men,Apparel,Topwear,Shirts,White,Fall,2011.0,Formal,Indigo Nation Men Check White Shirts
37727,Men,Apparel,Topwear,Shirts,Yellow,Summer,2012.0,Casual,John Players Men Check Yellow Shirt
31049,Men,Apparel,Topwear,Shirts,Beige,Summer,2012.0,Casual,Arrow Sport Men Beige Striped Shirt
59295,Men,Apparel,Topwear,Shirts,Black,Fall,2012.0,Casual,U.S. Polo Assn. Men Black Shirt
33059,Men,Apparel,Topwear,Shirts,Blue,Summer,2012.0,Casual,U.S. Polo Assn. Denim Co. Men Blue & Red Check Shirt
13943,Men,Apparel,Topwear,Shirts,Brown,Summer,2011.0,Casual,United Colors of Benetton Men Solid Brown Shirts
31029,Men,Apparel,Topwear,Shirts,Green,Summer,2012.0,Casual,Arrow New York Men Green Slim Fit Shirt
59440,Men,Apparel,Topwear,Shirts,Grey,Fall,2012.0,Formal,Arrow Men Grey Check Slim Fit Shirt
17157,Men,Apparel,Topwear,Shirts,Maroon,Fall,2011.0,Casual,U.S. Polo Assn. Men Checks Maroon Shirt
10799,Men,Apparel,Topwear,Shirts,Navy Blue,Fall,2011.0,Casual,Wrangler Men Wander Wheels Navy Blue Shirts
38814,Women,Apparel,Topwear,Shirts,Orange,Fall,2012.0,Casual,Latin Quarters Women Orange & Grey Check Shirt
39733,Women,Apparel,Topwear,Shirts,Pink,Summer,2012.0,Casual,Arrow Woman Pink & Green Check Shirt
13873,Men,Apparel,Topwear,Shirts,Purple,Fall,2011.0,Casual,Scullers Men Solid Purple Shirts
16048,Men,Apparel,Topwear,Shirts,Red,Fall,2011.0,Casual,Highlander Men Check Red Shirt
12354,Men,Apparel,Topwear,Shirts,White,Fall,2011.0,Formal,Reid & Taylor Men Solid White Shirts
19826,Men,Apparel,Topwear,Shirts,Yellow,Fall,2011.0,Casual,U.S. Polo Assn. Men Check Yellow Shirt
20319,Men,Apparel,Topwear,Shirts,Beige,Summer,2011.0,Casual,Mother Earth Men Solid Beige Shirt
12360,Men,Apparel,Topwear,Shirts,Black,Fall,2011.0,Formal,Reid & Taylor Men Solid Black Shirts
37784,Men,Apparel,Topwear,Shirts,Blue,Summer,2012.0,Casual,John Players Men Gingham Blue Shirt
41601,Men,Apparel,Topwear,Shirts,Brown,Summer,2012.0,Casual,Basics Men Brown Shirt
12372,Men,Apparel,Topwear,Shirts,Green,Fall,2011.0,Formal,Reid & Taylor Men Check Green Shirts
20168,Men,Apparel,Topwear,Shirts,Grey,Fall,2011.0,Casual,Wrangler Men Calgary Grey Shirt
17183,Men,Apparel,Topwear,Shirts,Maroon,Winter,2016.0,Casual,U.S. Polo Assn. Men Stripes Maroon Shirt
11953,Men,Footwear,Shoes,Casual Shoes,Beige,Summer,2012.0,Casual,Ganuchi Men Casual Beige Casual Shoes
57510,Men,Footwear,Shoes,Casual Shoes,Black,Fall,2012.0,Casual,Provogue Men Black Casual Shoes
6356,Men,Footwear,Shoes,Casual Shoes,Blue,Summer,2011.0,Casual,Numero Uno Men's Dark Blue Canvas Shoe
28318,Men,Footwear,Shoes,Casual Shoes,Brown,Winter,2018.0,Casual,Red Tape Men Brown Shoes
6372,Men,Footwear,Shoes,Casual Shoes,Green,Summer,2011.0,Casual,Numero Uno Men's Green Shoe
18659,Men,Footwear,Shoes,Casual Shoes,Grey,Fall,2011.0,Casual,Fila Men Craze Grey Shoes
36131,Men,Footwear,Shoes,Casual Shoes,Maroon,Summer,2012.0,Casual,Nike Men Dunk High Maroon Shoes
38546,Men,Footwear,Shoes,Casual Shoes,Navy Blue,Summer,2012.0,Casual,Puma Men Navy Blue Madison Classic Shoes
47248,Men,Footwear,Shoes,Casual Shoes,Orange,Summer,2013.0,Casual,Playboy Men Orange Casual Shoes
15270,Women,Footwear,Shoes,Casual Shoes,Pink,Fall,2011.0,Casual,ADIDAS Originals Women Top Ten low Sleek Pink Casual Shoes
24192,Unisex,Footwear,Shoes,Casual Shoes,Purple,Summer,2012.0,Casual,Converse Unisex Chuck Taylor All Star Print Purple Casual Shoes
35464,Men,Footwear,Shoes,Casual Shoes,Red,Summer,2013.0,Casual,Franco Leone Men Red Shoes
13356,Women,Footwear,Shoes,Casual Shoes,Silver,Fall,2011.0,Casual,Timberland Women Femmes Silver Casual Shoes
31942,Women,Footwear,Shoes,Casual Shoes,White,Summer,2012.0,Casual,Nike Women Sweet Classic Leather White Shoes
39616,Women,Footwear,Shoes,Casual Shoes,Yellow,Winter,2015.0,Casual,Catwalk Women Yellow Shoes
20890,Men,Footwear,Shoes,Casual Shoes,Beige,Fall,2011.0,Casual,Basics Men Beige Casual  Shoes
2505,Men,Footwear,Shoes,Casual Shoes,Black,Fall,2010.0,Casual,Numero Uno Men's Casual Black Shoe
35465,Men,Footwear,Shoes,Casual Shoes,Blue,Fall,2012.0,Casual,Franco Leone Men Blue Shoes
36948,Men,Footwear,Shoes,Casual Shoes,Brown,Summer,2012.0,Casual,Force 10 Men Brown Shoes
4440,Unisex,Footwear,Shoes,Casual Shoes,Green,Summer,2011.0,Casual,Converse Unisex Check Ox Green Canvas Shoe
34757,Women,Footwear,Shoes,Casual Shoes,Grey,Summer,2012.0,Casual,Puma Women Aurora Grey Shoes
15494,Women,Footwear,Shoes,Casual Shoes,Maroon,Spring,2013.0,Casual,Carlton London Women Casual Maroon Casual Shoes
19351,Men,Footwear,Shoes,Casual Shoes,Navy Blue,Summer,2012.0,Casual,Numero Uno Men Navy Blue Shoes
10742,Women,Footwear,Shoes,Casual Shoes,Orange,Winter,2012.0,Casual,Disney Kids Girl Pooh Face Orange Casual Shoes
12422,Women,Footwear,Shoes,Casual Shoes,Pink,Fall,2011.0,Casual,Timberland Women Casual Pink Casual Shoes
9816,Unisex,Footwear,Shoes,Casual Shoes,Purple,Summer,2014.0,Casual,Converse Unisex Purple Casual Shoes
22911,Unisex,Footwear,Shoes,Casual Shoes,Red,Fall,2011.0,Casual,Converse Unisex Plaid Check Ox Red Shoes
5917,Women,Footwear,Shoes,Casual Shoes,Silver,Summer,2011.0,Casual,ADIDAS Women's Agashae Silver Shoe
6648,Men,Footwear,Shoes,Casual Shoes,White,Summer,2011.0,Casual,Nike Men's Air 180 White Shoe
23855,Men,Footwear,Shoes,Casual Shoes,Yellow,Summer,2011.0,Casual,ADIDAS Men Yellow Color Blast Casual Shoes
33530,Women,Footwear,Shoes,Casual Shoes,Beige,Summer,2016.0,Casual,Cobblerz Women Beige Loafers
22095,Men,Footwear,Shoes,Casual Shoes,Black,Summer,2012.0,Casual,Numero Uno Men Casual Black Shoes
15870,Unisex,Footwear,Shoes,Casual Shoes,Blue,Spring,2013.0,Casual,Warner Bros Kids Unisex TJ Notebook Canvas Blue Casual Shoes
12508,Men,Footwear,Shoes,Casual Shoes,Brown,Winter,2018.0,Casual,Red Tape Men Casual Brown Casual Shoes
13191,Men,Footwear,Shoes,Casual Shoes,Green,Fall,2011.0,Casual,Puma Men Eco ortholite Green Casual Shoes
44503,Women,Footwear,Shoes,Casual Shoes,Grey,Summer,2012.0,Casual,Gliders Women Grey & Orange Shoes
9086,Unisex,Footwear,Shoes,Casual Shoes,Maroon,Fall,2011.0,Casual,Converse Unisex Ct As Star Chevron Hi Maroon Casual Shoes
40692,Men,Footwear,Shoes,Casual Shoes,Navy Blue,Summer,2012.0,Casual,Numero Uno Men Navy Blue Shoes
9211,Men,Footwear,Shoes,Casual Shoes,Orange,Fall,2011.0,Casual,Puma Men Silly Point Orange Casual Shoes
46842,Girls,Footwear,Shoes,Casual Shoes,Pink,Fall,2012.0,Casual,Barbie Girls Pink Casual Shoes
38659,Men,Footwear,Shoes,Casual Shoes,Purple,Summer,2012.0,Casual,Nike Men Purple Braata Shoes
10770,Girls,Footwear,Shoes,Casual Shoes,Red,Winter,2012.0,Casual,Disney Kids Red Casual Shoes
5910,Women,Footwear,Shoes,Casual Shoes,Silver,Summer,2011.0,Casual,ADIDAS Women Daily Vulc Silver Shoe
28430,Women,Accessories,Watches,Watches,Beige,Winter,2016.0,Formal,DKNY Women Beige Chronograph Watch NY8330
43204,Men,Accessories,Watches,Watches,Black,Winter,2016.0,Casual,Fastrack Men Black Dial Watch
49891,Unisex,Accessories,Watches,Watches,Blue,Winter,2016.0,Casual,Q&Q Kids Unisex Blue Analog Watch
51544,Women,Accessories,Watches,Watches,Brown,Winter,2016.0,Casual,Fastrack Women Brown Watch
28576,Men,Accessories,Watches,Watches,Green,Winter,2016.0,Casual,ADIDAS Originals Men Green Dial Chronograph Watch ADH2619
34625,Men,Accessories,Watches,Watches,Grey,Winter,2016.0,Casual,Kenneth Cole Men Grey Dial Watch
45163,Men,Accessories,Watches,Watches,Maroon,Winter,2016.0,Casual,CASIO ENTICER Men Maroon Dial Analogue Watch A518
38041,Men,Accessories,Watches,Watches,Navy Blue,Winter,2016.0,Casual,Q&Q Men Navy Dial Watch DD02J004Y
45268,Men,Accessories,Watches,Watches,Orange,Winter,2016.0,Casual,CASIO G-Shock Men Black Digital Watch G335
25664,Women,Accessories,Watches,Watches,Pink,Winter,2016.0,Casual,Fastrack Women Pink Dial Watch
25657,Women,Accessories,Watches,Watches,Purple,Winter,2016.0,Casual,Fastrack Women Purple Watch
10395,Men,Accessories,Watches,Watches,Red,Winter,2016.0,Sports,Puma Men Cardiac II Red Watches
29905,Women,Accessories,Watches,Watches,Silver,Winter,2016.0,Casual,Police Women Silver-Toned Dial Watch PL10813BS-04M
46513,Women,Accessories,Watches,Watches,White,Winter,2016.0,Casual,Timex Women White Dial Watch
21480,Unisex,Accessories,Watches,Watches,Yellow,Winter,2016.0,Casual,Ice Unisex Neon Yellow Watch
41044,Men,Accessories,Watches,Watches,Beige,Winter,2016.0,Casual,Nautica Men Beige Dial Chronograph Watch
25682,Women,Accessories,Watches,Watches,Black,Winter,2016.0,Casual,Fastrack Women Black Casual Watch
30074,Women,Accessories,Watches,Watches,Blue,Winter,2016.0,Casual,Ed Hardy Women White Dial Watch
46419,Men,Accessories,Watches,Watches,Brown,Winter,2016.0,Casual,Timex Men Brown Dial Empera Watch
46502,Men,Accessories,Watches,Watches,Green,Winter,2016.0,Casual,Timex Men Green Dial Watch
22929,Unisex,Accessories,Watches,Watches,Grey,Winter,2016.0,Casual,Fastrack Unisex Grey Dial Watch 9912PP10
59222,Women,Accessories,Watches,Watches,Maroon,Winter,2016.0,Casual,Titan Women Maroon Watch
53611,Men,Accessories,Watches,Watches,Navy Blue,Winter,2016.0,Casual,Q&Q Men Navy Digital Watch M051-002
54620,Men,Accessories,Watches,Watches,Orange,Winter,2016.0,Casual,Fastrack Men Black Dial Watch
32312,Women,Accessories,Watches,Watches,Pink,Winter,2016.0,Casual,Q&Q Women Pink Dial Watch
45204,Women,Accessories,Watches,Watches,Purple,Winter,2016.0,Casual,CASIO ENTICER Women Purple Dial Watch A659 LTP-1294D-6ADF
54661,Women,Accessories,Watches,Watches,Red,Winter,2016.0,Casual,Fastrack Women White Dial Watch
45032,Men,Accessories,Watches,Watches,Silver,Winter,2016.0,Casual,Maxima Attivo Men Silver Dial Watch
56316,Women,Accessories,Watches,Watches,White,Winter,2016.0,Casual,Fastrack Women White Dial Watch
38031,Women,Accessories,Watches,Watches,Yellow,Winter,2016.0,Casual,Q&Q Attractive Women Yellow Dial Watch
26347,Women,Accessories,Watches,Watches,Beige,Winter,2016.0,Formal,DKNY Women Beige Dial Chronograph Watch NY8322
33870,Men,Accessories,Watches,Watches,Black,Winter,2016.0,Casual,Citizen Men Black Dial Chronograph Watch AN3420-51L
45883,Men,Accessories,Watches,Watches,Blue,Winter,2016.0,Casual,Maxima Men Blue Dial Watch
21667,Men,Accessories,Watches,Watches,Brown,Winter,2016.0,Casual,Fossil Men Black Dial Chronograph Watch CH2586
18528,Boys,Accessories,Watches,Watches,Green,Winter,2016.0,Casual,Chhota Bheem Kids-Boys Green Digital Pop Watch
45872,Men,Accessories,Watches,Watches,Grey,Winter,2016.0,Casual,Maxima Men Dark Grey Dial Watch
23858,Men,Footwear,Shoes,Sports Shoes,Beige,Fall,2011.0,Sports,ADIDAS Men Beige Pural Desman Sports Shoes
2967,Men,Footwear,Shoes,Sports Shoes,Black,Fall,2010.0,Sports,Puma Men's Mid Pixel Black & Silver Canvas Shoe
3375,Women,Footwear,Shoes,Sports Shoes,Blue,Spring,2012.0,Sports,Asics Women Gel Cushioning Active Running Blue Silver Shoe
32182,Men,Footwear,Shoes,Sports Shoes,Brown,Summer,2012.0,Casual,ADIDAS Men Agora Brown Sport Shoes
6856,Men,Footwear,Shoes,Sports Shoes,Green,Summer,2011.0,Sports,Spalding Men's Running White Green Shoe
34649,Women,Footwear,Shoes,Sports Shoes,Grey,Fall,2012.0,Sports,Fila Women Artifice Grey Sports Shoes
5348,Men,Footwear,Shoes,Sports Shoes,Maroon,Fall,2011.0,Sports,Quechua Forclaz  800 Trek Man
15299,Men,Footwear,Shoes,Sports Shoes,Navy Blue,Fall,2011.0,Sports,ADIDAS Men Ranger Navy Blue Sports Shoes
54078,Men,Footwear,Shoes,Sports Shoes,Orange,Summer,2012.0,Sports,ADIDAS Men Orange F50 Adizero HG Football Shoes
36418,Women,Footwear,Shoes,Sports Shoes,Pink,Spring,2013.0,Sports,Spinn Women Alliance Pink Sports Shoes
42029,Women,Footwear,Shoes,Sports Shoes,Purple,Summer,2012.0,Sports,ADIDAS Women Purple Chill Sports Shoes
46325,Men,Footwear,Shoes,Sports Shoes,Red,Summer,2012.0,Sports,Reebok Men Red Premier Road Supreme Sports Shoes
9118,Women,Footwear,Shoes,Sports Shoes,Silver,Fall,2011.0,Sports,Puma Women Axis Silver Sports Shoes
18421,Women,Footwear,Shoes,Sports Shoes,White,Summer,2012.0,Sports,Skechers Women Shape-Ups White Shoe
7604,Men,Footwear,Shoes,Sports Shoes,Yellow,Summer,2011.0,Sports,Nike Men's 360 Enganche Yellow Shoe
35725,Men,Footwear,Shoes,Sports Shoes,Beige,Summer,2012.0,Sports,Force 10 Men Beige Sports Shoes
31973,Men,Footwear,Shoes,Sports Shoes,Black,Summer,2012.0,Sports,Nike Men Dual Fusion ST 2 Black Sports Shoes
5588,Men,Footwear,Shoes,Sports Shoes,Blue,Summer,2011.0,Sports,ADIDAS Men's Kestrel Navy Blue Shoe
6634,Men,Footwear,Shoes,Sports Shoes,Brown,Summer,2011.0,Sports,Nike Men's Air Endurance Brown Shoe
23862,Men,Footwear,Shoes,Sports Shoes,Green,Fall,2011.0,Sports,ADIDAS Men Green Spider 2 M Sports Shoes
31947,Men,Footwear,Shoes,Sports Shoes,Grey,Summer,2012.0,Sports,Nike Men Air Pegasus Grey Sports Shoes
14342,Men,Footwear,Shoes,Sports Shoes,Maroon,Fall,2011.0,Sports,Nike Men Feild Trainer textile Maroon Sports Shoes
35641,Men,Footwear,Shoes,Sports Shoes,Navy Blue,Fall,2012.0,Sports,Fila Men Smash Lite Navy Blue Shoes
38671,Men,Footwear,Shoes,Sports Shoes,Orange,Summer,2012.0,Sports,Nike Men Mercurial Victory III HG-V Orange Sports Shoes
40483,Women,Footwear,Shoes,Sports Shoes,Pink,Fall,2012.0,Sports,Fila Women Pink Speed Lite Sports Shoes
9056,Women,Footwear,Shoes,Sports Shoes,Purple,Fall,2011.0,Sports,ADIDAS Women Adi Light Purple Sports Shoes
4166,Men,Footwear,Shoes,Sports Shoes,Red,Summer,2011.0,Sports,Reebok Men's Zigfuel White Red Shoe
10111,Men,Footwear,Shoes,Sports Shoes,Silver,Fall,2011.0,Sports,Reebok Men Premier road supreme 2 Silver Sports Shoes
54070,Men,Footwear,Shoes,Sports Shoes,White,Summer,2012.0,Sports,ADIDAS Men White Sports Shoes
11966,Unisex,Footwear,Shoes,Sports Shoes,Yellow,Spring,2012.0,Sports,Newfeel Unisex Sports Yellow Sports Shoes
5351,Women,Footwear,Shoes,Sports Shoes,Beige,Fall,2011.0,Sports,Quechua Arpenaz Sandal 50 L Beige
24699,Men,Footwear,Shoes,Sports Shoes,Black,Fall,2011.0,Sports,Puma Men Cell Tolero Black Sports Shoes
3389,Women,Accessories,Bags,Handbags,Beige,Winter,2015.0,Casual,Murcia Women Beige with Stitch Bag
10735,Women,Accessories,Bags,Handbags,Black,Winter,2015.0,Casual,Murcia Women Mcc Black Black Handbags
52661,Women,Accessories,Bags,Handbags,Blue,Summer,2012.0,Casual,Mod-acc Women Blue Handbag
47375,Women,Accessories,Bags,Handbags,Brown,Summer,2012.0,Casual,Baggit Women Brown Handbag
58176,Women,Accessories,Bags,Handbags,Green,Fall,2012.0,Casual,Rocky S Women Green Handbag
42834,Women,Accessories,Bags,Handbags,Grey,Summer,2012.0,Casual,French Connection Women Grey & Brown Handbag
22015,Women,Accessories,Bags,Handbags,Maroon,Winter,2015.0,Casual,Murcia Women Casual Maroon Handbag
20830,Unisex,Accessories,Bags,Handbags,Navy Blue,Summer,2011.0,Sports,Nike Unisex Solid Navy Blue Bag
34776,Women,Accessories,Bags,Handbags,Orange,Summer,2015.0,Casual,Be For Bag Women Pack of 3 Bag
21989,Women,Accessories,Bags,Handbags,Pink,Winter,2015.0,Casual,Murcia Women Leatherette Pink Handbag
20601,Women,Accessories,Bags,Handbags,Purple,Winter,2015.0,Casual,Baggit Women Purple Groovy Camlin Crush Handbag
50243,Women,Accessories,Bags,Handbags,Red,Summer,2012.0,Casual,Stoln Women Red Handbag
20044,Women,Accessories,Bags,Handbags,Silver,Fall,2011.0,Casual,United Colors of Benetton Women Solid Silver Handbags
53914,Women,Accessories,Bags,Handbags,White,Summer,2012.0,Casual,Kiara Women White Handbag
53672,Women,Accessories,Bags,Handbags,Yellow,Summer,2012.0,Casual,Kiara Women Yellow Handbag
58932,Women,Accessories,Bags,Handbags,Beige,Summer,2012.0,Casual,Ivory Tag Women Beige Furry Foldover Sling Bag
9571,Unisex,Accessories,Bags,Handbags,Black,Fall,2011.0,Casual,Puma Unisex Core Shoulder Black Bags
25231,Women,Accessories,Bags,Handbags,Blue,Winter,2015.0,Casual,Lino Perros Women Leatherette Blue Handbag
53935,Women,Accessories,Bags,Handbags,Brown,Summer,2012.0,Casual,Kiara Women Brown Handbag
16766,Women,Accessories,Bags,Handbags,Green,Winter,2015.0,Casual,Spice Art Women Leatherette  Green Handbags
58189,Women,Accessories,Bags,Handbags,Grey,Summer,2012.0,Casual,Rocky S Women Grey Handbag
24741,Women,Accessories,Bags,Handbags,Maroon,Winter,2015.0,Casual,Murcia Women  Marron Handbag
20498,Women,Accessories,Bags,Handbags,Navy Blue,Winter,2015.0,Casual,Baggit Women Galaxy Exel Navy Blue Handbag
53671,Women,Accessories,Bags,Handbags,Orange,Summer,2012.0,Casual,Kiara Women Orange Handbag
36991,Women,Accessories,Bags,Handbags,Pink,Summer,2012.0,Casual,Lino Perros Women Pink Handbag
42552,Women,Apparel,Topwear,Kurtas,Beige,Summer,2012.0,Ethnic,Mother Earth Women Beige & Black Kurta
54700,Women,Apparel,Topwear,Kurtas,Black,Summer,2012.0,Ethnic,Shree Women Black and White Printed Kurta
28874,Women,Apparel,Topwear,Kurtas,Blue,Summer,2012.0,Ethnic,BIBA Women Printed Blue Kurta
27285,Women,Apparel,Topwear,Kurtas,Brown,Fall,2011.0,Ethnic,Mother Earth Women Brown Kurta
12130,Women,Apparel,Topwear,Kurtas,Green,Fall,2011.0,Ethnic,Aurelia Women Printed Green Kurtas
11574,Women,Apparel,Topwear,Kurtas,Grey,Summer,2011.0,Ethnic,W Women Printed Grey Kurtas
14547,Women,Apparel,Topwear,Kurtas,Maroon,Fall,2011.0,Ethnic,Vishudh Women Floral Print Maroon Kurtas
19068,Women,Apparel,Topwear,Kurtas,Navy Blue,Fall,2011.0,Ethnic,W Women Solid Navy Blue Kurta
42429,Women,Apparel,Topwear,Kurtas,Orange,Summer,2012.0,Ethnic,Aurelia  Women Orange Kurta
40654,Women,Apparel,Topwear,Kurtas,Pink,Summer,2012.0,Ethnic,Span Women Pink Kurta
18294,Women,Apparel,Topwear,Kurtas,Purple,Fall,2011.0,Ethnic,Aneri Women N Jashn Purple Kurta
50323,Women,Apparel,Topwear,Kurtas,Red,Summer,2012.0,Ethnic,Aurelia Women Red Kurta
25827,Women,Apparel,Topwear,Kurtas,Silver,Summer,2012.0,Ethnic,Diva Women Printed Beige Kurta
30836,Women,Apparel,Topwear,Kurtas,White,Summer,2012.0,Ethnic,Fabindia Women White Chikankari Kurta
24557,Women,Apparel,Topwear,Kurtas,Yellow,Fall,2011.0,Ethnic,Vishudh Women Yellow Printed Kurta
30745,Men,Apparel,Topwear,Kurtas,Beige,Summer,2012.0,Ethnic,Fabindia Men Beige Ajrakh Kurta
24374,Women,Apparel,Topwear,Kurtas,Black,Fall,2011.0,Ethnic,Folklore Women Black  Kurta
39178,Women,Apparel,Topwear,Kurtas,Blue,Summer,2012.0,Ethnic,Aneri Women Blue & Brown Printed Kurta
22032,Women,Apparel,Topwear,Kurtas,Brown,Fall,2011.0,Ethnic,Vishudh Women Flower Print Brown Kurta
19067,Women,Apparel,Topwear,Kurtas,Green,Fall,2011.0,Ethnic,W Women Block Print Green Kurta
11602,Women,Apparel,Topwear,Kurtas,Grey,Summer,2011.0,Ethnic,W Women Solid Grey Kurtas
14546,Women,Apparel,Topwear,Kurtas,Maroon,Fall,2011.0,Ethnic,Vishudh Women Maroon Printed Kurta
11596,Women,Apparel,Topwear,Kurtas,Navy Blue,Summer,2011.0,Ethnic,W Women Printed Navy Blue Kurtas
46017,Women,Apparel,Topwear,Kurtas,Orange,Summer,2012.0,Ethnic,Fabindia Women Orange Printed Kurta
24356,Women,Apparel,Topwear,Kurtas,Pink,Fall,2011.0,Ethnic,Folklore Women Pink  Kurta
39719,Women,Apparel,Topwear,Tops,Beige,Summer,2012.0,Casual,Arrow Woman Beige Top
57124,Women,Apparel,Topwear,Tops,Black,Summer,2012.0,Casual,Elle Women Black Top
41972,Girls,Apparel,Topwear,Tops,Blue,Summer,2012.0,Casual,Gini and Jony Girls Summer Up Blue Top
14102,Women,Apparel,Topwear,Tops,Brown,Fall,2011.0,Casual,Flying Machine Women Solid Brown Tops
5000,Women,Apparel,Topwear,Tops,Green,Summer,2011.0,Casual,Gini and Jony Girl's Gloria Green Kidswear
57065,Women,Apparel,Topwear,Tops,Grey,Summer,2012.0,Casual,Elle Women Grey Vintage Top
21130,Women,Apparel,Topwear,Tops,Maroon,Fall,2011.0,Casual,s.Oliver Women Solid Maroon Top
43323,Women,Apparel,Topwear,Tops,Navy Blue,Summer,2012.0,Casual,United Colors of Benetton Women Navy Blue Top
38818,Women,Apparel,Topwear,Tops,Orange,Fall,2012.0,Casual,Latin Quarters Women Orange Top
7201,Women,Apparel,Topwear,Tops,Pink,Fall,2011.0,Casual,Jealous 21 Women White Pink Lady With The Hat Top
7698,Women,Apparel,Topwear,Tops,Purple,Fall,2011.0,Casual,Jealous 21 Women's She's Got Attitude Purple Top
44642,Women,Apparel,Topwear,Tops,Red,Summer,2012.0,Casual,Arrow Woman Red Top
6890,Women,Apparel,Topwear,Tops,White,Summer,2011.0,Casual,Forever New Women's White Blue Printed Top
27261,Women,Apparel,Topwear,Tops,Yellow,Summer,2012.0,Casual,Arrow Woman Yellow Top
21174,Women,Apparel,Topwear,Tops,Beige,Fall,2011.0,Casual,s.Oliver Women Stripes Beige Top
22453,Women,Apparel,Topwear,Tops,Black,Fall,2011.0,Ethnic,Global Desi Women Solid Black Top
9997,Women,Apparel,Topwear,Tops,Blue,Summer,2011.0,Casual,Palm Tree Girls Hs Livia Top Blue Tops
49657,Women,Apparel,Topwear,Tops,Brown,Summer,2012.0,Casual,Mineral Women Brown Top
4928,Women,Apparel,Topwear,Tops,Green,Summer,2011.0,Casual,Gini and Jony Girl's Venice Green Blue Infant Kidswear
44801,Women,Apparel,Topwear,Tops,Grey,Summer,2012.0,Casual,Spykar Women Grey Printed Top
43701,Women,Apparel,Topwear,Tops,Maroon,Summer,2012.0,Casual,Remanika Women Maroon Top
9802,Women,Apparel,Topwear,Tops,Navy Blue,Fall,2011.0,Casual,Scullers For Her Women Scullers Top Navy Blue Tops
31792,Women,Apparel,Topwear,Tops,Orange,Summer,2012.0,Casual,Lee Women Apple Coral Top
37570,Girls,Apparel,Topwear,Tops,Pink,Summer,2012.0,Casual,Madagascar3 Infant Girls Pink Spaghetti Top
46270,Women,Apparel,Topwear,Tops,Purple,Summer,2012.0,Casual,109F Women Purple Layered Top
55643,Women,Footwear,Shoes,Heels,Beige,Winter,2015.0,Casual,Catwalk Women Beige Heels
44464,Women,Footwear,Shoes,Heels,Black,Summer,2013.0,Casual,Senorita Women Black Wedges
53139,Women,Footwear,Shoes,Heels,Blue,Winter,2015.0,Casual,Catwalk Women Blue & White Sandals
56928,Women,Footwear,Shoes,Heels,Brown,Winter,2012.0,Casual,HM Women Brown Flats
13548,Women,Footwear,Shoes,Heels,Green,Spring,2013.0,Casual,Carlton London Women Casual Green Flats
2880,Women,Footwear,Shoes,Heels,Grey,Summer,2016.0,Formal,Catwalk Women Leather Formal Grey Heels
13025,Women,Footwear,Shoes,Heels,Maroon,Winter,2012.0,Casual,Inc 5 Women Casual Maroon Flats
13641,Women,Footwear,Shoes,Heels,Navy Blue,Winter,2012.0,Casual,Carlton London Women Casual Navy Flats
56923,Women,Footwear,Shoes,Heels,Orange,Winter,2012.0,Casual,HM Women Orange Flats
35350,Women,Footwear,Shoes,Heels,Pink,Summer,2012.0,Casual,Senorita Women Pink Wedges
47595,Women,Footwear,Shoes,Heels,Purple,Winter,2012.0,Casual,Portia Women Purple & Brown Sandals
41729,Women,Footwear,Shoes,Heels,Red,Winter,2012.0,Casual,Catwalk Women Red Heels
20770,Women,Footwear,Shoes,Heels,Silver,Winter,2012.0,Casual,Carlton London Women Classy Gold Heels
34075,Women,Footwear,Shoes,Heels,White,Fall,2012.0,Formal,Clarks Women Henderson Toy Bone Leather White Flats
57856,Women,Footwear,Shoes,Heels,Yellow,Winter,2015.0,Casual,Catwalk Women Yellow Flats
55641,Women,Footwear,Shoes,Heels,Beige,Winter,2015.0,Casual,Catwalk Women Beige Peep Toes
22257,Women,Footwear,Shoes,Heels,Black,Winter,2012.0,Casual,Inc. 5 Women Casual Black Heels
19042,Women,Footwear,Shoes,Heels,Blue,Winter,2015.0,Casual,Catwalk Women Moccasin Blue Casual Shoes
38210,Men,Accessories,Eyewear,Sunglasses,Black,Winter,2016.0,Casual,Polaroid Men Sunglasses
16844,Men,Accessories,Eyewear,Sunglasses,Blue,Winter,2016.0,Casual,Idee Men Funky Eyewear Blue Sunglasses
17204,Women,Accessories,Eyewear,Sunglasses,Brown,Winter,2016.0,Casual,United Colors of Benetton Women Funky Eyewear Brown Sunglasses
8666,Unisex,Accessories,Eyewear,Sunglasses,Green,Winter,2016.0,Casual,Fastrack Unisex Green Sunglasses
16093,Women,Accessories,Eyewear,Sunglasses,Grey,Winter,2016.0,Casual,M tv Women My Fab Eyewear Grey Sunglasses
16946,Women,Accessories,Eyewear,Sunglasses,Maroon,Winter,2016.0,Casual,Image Women Classic Eyewear Maroon Sunglasses
49671,Men,Accessories,Eyewear,Sunglasses,Navy Blue,Winter,2016.0,Casual,United Colors of Benetton Men Sunglass
23702,Men,Accessories,Eyewear,Sunglasses,Orange,Winter,2016.0,Casual,Rayban Men Orange New Wayfarer Sunglasses
16945,Women,Accessories,Eyewear,Sunglasses,Pink,Winter,2016.0,Casual,Image Women Classic Eyewear Pink Sunglasses
51714,Unisex,Accessories,Eyewear,Sunglasses,Purple,Winter,2016.0,Casual,Allen Solly Unisex Sunglasses AS236-C4
23792,Women,Accessories,Eyewear,Sunglasses,Red,Winter,2016.0,Casual,Oakley Women Immerse Red Sunglasses
51672,Men,Accessories,Eyewear,Sunglasses,Silver,Winter,2016.0,Casual,Louis Philippe Men Maroon Sunglasses
48225,Men,Accessories,Eyewear,Sunglasses,White,Winter,2016.0,Casual,United Colors of Benetton Men White Frame Sunglasses
8646,Men,Accessories,Eyewear,Sunglasses,Yellow,Winter,2016.0,Casual,Fastrack Men Sports Sunglasses P148AM3
16835,Women,Accessories,Eyewear,Sunglasses,Black,Winter,2016.0,Casual,Idee Women Funky Eyewear Black Sunglasses
36134,Women,Footwear,Flip Flops,Flip Flops,Beige,Summer,2012.0,Casual,Nike Women Beige Solarsoft Thong II Flip Flops
32183,Men,Footwear,Flip Flops,Flip Flops,Black,Summer,2012.0,Casual,ADIDAS Men Ripple Black Flip Flops
24630,Women,Footwear,Flip Flops,Flip Flops,Blue,Fall,2011.0,Casual,ADIDAS Women Polka Blue Flip Flops
5638,Men,Footwear,Flip Flops,Flip Flops,Brown,Summer,2011.0,Casual,ADIDAS Men's Adi Liner Brown Flip Flop
2551,Men,Footwear,Flip Flops,Flip Flops,Green,Summer,2011.0,Casual,Numero Uno Men's Casual Green Graphic Flip Flop
21470,Women,Footwear,Flip Flops,Flip Flops,Grey,Summer,2012.0,Casual,Roxy Women Bamboo Grey Flip Flops
16734,Men,Footwear,Flip Flops,Flip Flops,Maroon,Fall,2011.0,Casual,Lotto Men Emeriti Maroon Slipper
30242,Men,Footwear,Flip Flops,Flip Flops,Navy Blue,Summer,2012.0,Casual,Numero Uno Men Navy Blue Flip Flops
42998,Women,Footwear,Flip Flops,Flip Flops,Orange,Summer,2012.0,Casual,Nike Women Orange Solarsoft Thong Flip Flops
49830,Women,Footwear,Flip Flops,Flip Flops,Pink,Winter,2012.0,Casual,iPanema Women Pink Flip Flops
44619,Women,Footwear,Flip Flops,Flip Flops,Purple,Summer,2012.0,Casual,Fila Women Purple Flip Flops
23096,Men,Footwear,Flip Flops,Flip Flops,Red,Summer,2012.0,Casual,Converse Men Red Flip Flops
5646,Unisex,Footwear,Flip Flops,Flip Flops,Silver,Fall,2012.0,Casual,ADIDAS Unisex Adi Pixel Silver Flip Flop
19877,Women,Footwear,Flip Flops,Flip Flops,White,Fall,2011.0,Casual,ADIDAS Women Psychedlic White Flip Flops
39546,Men,Footwear,Flip Flops,Flip Flops,Yellow,Summer,2012.0,Casual,Numero Uno Men Yellow Flip Flops
20477,Women,Accessories,Wallets,Wallets,Beige,Winter,2015.0,Casual,Baggit Women Oscar Opart Beige Wallet
37847,Men,Accessories,Wallets,Wallets,Black,Summer,2012.0,Casual,Hidekraft Men Black Card Holder
48163,Women,Accessories,Wallets,Wallets,Blue,Winter,2016.0,Casual,Fossil Women Blue Wallet
37236,Men,Accessories,Wallets,Wallets,Brown,Summer,2012.0,Casual,United Colors of Benetton Men Leather Brown Wallet
20406,Women,Accessories,Wallets,Wallets,Green,Winter,2015.0,Casual,Baggit Women Zanzil Taj Green Wallet
48137,Women,Accessories,Wallets,Wallets,Grey,Winter,2016.0,Casual,Fossil Women Grey Wallet
33374,Women,Accessories,Wallets,Wallets,Maroon,Summer,2012.0,Casual,Baggit Women Maroon Wallet
47370,Women,Accessories,Wallets,Wallets,Navy Blue,Summer,2012.0,Casual,Baggit Women Navy Blue Square Dum Wallet
17106,Women,Accessories,Wallets,Wallets,Orange,Winter,2015.0,Casual,Lino Perros Women Small  Orange Wallet
45280,Women,Accessories,Wallets,Wallets,Pink,Summer,2012.0,Casual,Lino Perros Women Pink Wallet
33363,Women,Accessories,Wallets,Wallets,Purple,Summer,2012.0,Casual,Baggit Women Auxi Baby Purple Wallet
52782,Women,Accessories,Wallets,Wallets,Red,Fall,2012.0,Casual,Fiorelli Women Red Wallet
54411,Women,Accessories,Wallets,Wallets,Silver,Summer,2012.0,Casual,Baggit Women Silver Wallet
53376,Women,Accessories,Wallets,Wallets,White,Summer,2012.0,Casual,Puma Women White Ferrari Wallet
18044,Women,Accessories,Wallets,Wallets,Yellow,Winter,2015.0,Casual,Lino Perros Women Sequin Yellow Wallet
57501,Men,Footwear,Sandal,Sandals,Beige,Summer,2012.0,Casual,Lee Cooper Men Light cocoa Sandals
6400,Men,Footwear,Sandal,Sandals,Black,Summer,2011.0,Casual,Lotto Men Laos Black Grey Floater
33866,Men,Footwear,Sandal,Sandals,Blue,Spring,2014.0,Casual,Puma Men Aripon Blue Sandals
57500,Men,Footwear,Sandal,Sandals,Brown,Summer,2012.0,Casual,Lee Cooper Men Brown Sandals
20865,Unisex,Footwear,Sandal,Sandals,Green,Winter,2012.0,Casual,Disney Kids-Unisex Lightning Green Sandals
19133,Men,Footwear,Sandal,Sandals,Grey,Fall,2011.0,Casual,Lotto Men Hermes Grey Sandals
11912,Men,Footwear,Sandal,Sandals,Maroon,Summer,2011.0,Casual,Franco Leone Men Casual Maroon Sandals
6352,Unisex,Footwear,Sandal,Sandals,Navy Blue,Summer,2011.0,Casual,Crocs Kids Navy Clogs
35529,Girls,Footwear,Sandal,Sandals,Orange,Summer,2012.0,Casual,Enroute Teens Orange Sandals
3834,Girls,Footwear,Sandal,Sandals,Pink,Summer,2011.0,Casual,Crocs Kids Girl's Keeley Bubblegum Fuchsia Kidswear
46846,Girls,Footwear,Sandal,Sandals,Purple,Winter,2012.0,Casual,Barbie Purple Girls Slippers
15856,Unisex,Footwear,Sandal,Sandals,Red,Fall,2012.0,Casual,Warner Bros Kids Unisex TJ Hit & Chase Flops Red Slippers
40302,Unisex,Footwear,Sandal,Sandals,Silver,Winter,2013.0,Casual,Warner Bros Kids Unisex blue navy sandals
44522,Men,Footwear,Sandal,Sandals,White,Fall,2012.0,Casual,Coolers Men White Sandals
20986,Unisex,Accessories,Belts,Belts,Beige,Winter,2016.0,Casual,Fastrack Unisex Polyester Beige Belt
38420,Women,Accessories,Belts,Belts,Black,Summer,2012.0,Casual,Baggit Women Black Raone Sandwichtost Belt
25112,Women,Accessories,Belts,Belts,Blue,Winter,2015.0,Casual,Lino Perros Women Blue Belt
21754,Men,Accessories,Belts,Belts,Brown,Fall,2011.0,Casual,Fossil Men Johann Dark Brown Belt
8114,Men,Accessories,Belts,Belts,Green,Winter,2016.0,Casual,Fastrack Men Military Canvas Belt
17069,Women,Accessories,Belts,Belts,Grey,Winter,2015.0,Casual,Lino Perros Women Weaved  Grey Belt
48548,Women,Accessories,Belts,Belts,Maroon,Summer,2012.0,Casual,Wrangler Women Maroon Belt
18808,Men,Accessories,Belts,Belts,Navy Blue,Summer,2011.0,Casual,Peter England Men Casual Navy Blue Belt
42900,Women,Accessories,Belts,Belts,Orange,Summer,2012.0,Casual,French Connection Women Orange Belt
20606,Women,Accessories,Belts,Belts,Pink,Winter,2015.0,Casual,Baggit Women Tickle Taj Pink Belt
33467,Women,Accessories,Belts,Belts,Purple,Summer,2012.0,Casual,Baggit Women Updown Taj Purple Belt
8928,Men,Accessories,Belts,Belts,Red,Summer,2012.0,Casual,Puma Men Ferrari Replica Red Belt
16993,Women,Accessories,Belts,Belts,Silver,Summer,2011.0,Casual,Puma Women Dizzy  Silver Belt
25206,Women,Accessories,Bags,Backpacks,Beige,Winter,2015.0,Casual,Lino Perros Women Leatherite Beige Backpack
6516,Unisex,Accessories,Bags,Backpacks,Black,Summer,2011.0,Casual,Nike Unisex Brasilia 4 XL Backpack
22676,Unisex,Accessories,Bags,Backpacks,Blue,Winter,2015.0,Casual,Wildcraft Unisex Blue & Black Solid Backpack
29101,Unisex,Accessories,Bags,Backpacks,Brown,Summer,2012.0,Casual,Puma Unisex Brown Backpack
1565,Unisex,Accessories,Bags,Backpacks,Green,Summer,2011.0,Travel,Quechua Green Light Backpack
21271,Unisex,Accessories,Bags,Backpacks,Grey,Fall,2011.0,Casual,Footloose Unisex Grey Backpack
39877,Unisex,Accessories,Bags,Backpacks,Navy Blue,Summer,2012.0,Casual,ADIDAS Unisex Navy Blue Checked Backpack
38141,Unisex,Accessories,Bags,Backpacks,Orange,Summer,2015.0,Casual,Wildcraft Unisex Orange & Grey Backpack
9576,Unisex,Accessories,Bags,Backpacks,Pink,Fall,2011.0,Casual,Puma Unisex Deck Pink Backpacks
39878,Women,Accessories,Bags,Backpacks,Purple,Summer,2012.0,Casual,ADIDAS Women Purple Happy Weather Backpack
25872,Unisex,Accessories,Bags,Backpacks,Red,Winter,2015.0,Casual,American Tourister Unisex Buzz Red Backpack
7854,Unisex,Accessories,Bags,Backpacks,White,Summer,2011.0,Sports,Nike Unisex White Pink Black Check Backpack
7237,Men,Footwear,Shoes,Formal Shoes,Beige,Fall,2011.0,Formal,Rockport Men's Slate Taupe Fabric Shoe
22139,Men,Footwear,Shoes,Formal Shoes,Black,Summer,2011.0,Formal,Provogue Men Black Formal Shoes
11885,Men,Footwear,Shoes,Formal Shoes,Blue,Summer,2011.0,Formal,Franco Leone Men Formal Blue Formal Shoes
7257,Men,Footwear,Shoes,Formal Shoes,Brown,Fall,2011.0,Formal,Rockport Men's Alfrew Dark Tan Shoe
11901,Men,Footwear,Shoes,Formal Shoes,Maroon,Fall,2011.0,Formal,Franco Leone Men Formal Maroon Formal Shoes
2824,Men,Footwear,Shoes,Formal Shoes,Black,Summer,2012.0,Formal,Lee Cooper Men's Formal Leather Slip-On Black Shoe
15055,Men,Footwear,Shoes,Formal Shoes,Brown,Summer,2013.0,Formal,Franco Leone Men Brown Formal Shoe
11899,Men,Footwear,Shoes,Formal Shoes,Maroon,Fall,2011.0,Formal,Franco Leone Men Formal Maroon Formal Shoes
45584,Men,Footwear,Shoes,Formal Shoes,Black,Summer,2013.0,Formal,Arrow Men Black Formal Shoes
22126,Men,Footwear,Shoes,Formal Shoes,Brown,Fall,2011.0,Formal,Provogue Men Brown Formal Shoes
11345,Men,Apparel,Bottomwear,Jeans,Black,Fall,2011.0,Casual,Lee Men Elvira Rinse Black Jeans
9166,Men,Apparel,Bottomwear,Jeans,Blue,Fall,2011.0,Casual,Locomotive Men Rafe Blue Jeans
7192,Women,Apparel,Bottomwear,Jeans,Brown,Fall,2011.0,Casual,Jealous 21 Women Brown Jeggings
16520,Men,Apparel,Bottomwear,Jeans,Grey,Fall,2011.0,Casual,Locomotive Men Washed Grey Jeans
41361,Men,Apparel,Bottomwear,Jeans,Navy Blue,Spring,2013.0,Casual,Wrangler Men Navy Blue Floyd Jeans
27025,Women,Apparel,Bottomwear,Jeans,Pink,Summer,2012.0,Casual,Jealous 21 Women Pink Jeans
27939,Women,Apparel,Bottomwear,Jeans,Purple,Summer,2012.0,Casual,Jealous 21 Women Purple Magic Colour Jeans
30453,Men,Apparel,Bottomwear,Jeans,White,Summer,2012.0,Casual,Deni Yo Men White Jeans
11342,Men,Apparel,Bottomwear,Jeans,Black,Spring,2013.0,Casual,Lee Men Black Chicago Fit Jeans
16521,Men,Apparel,Bottomwear,Jeans,Blue,Fall,2011.0,Casual,Locomotive Men Washed Blue Jeans
48397,Men,Apparel,Bottomwear,Jeans,Grey,Summer,2012.0,Casual,French Connection Men Grey Jeans
41346,Men,Apparel,Bottomwear,Jeans,Navy Blue,Summer,2016.0,Casual,Wrangler Men Navy Blue Texas Jeans
46908,Men,Apparel,Bottomwear,Jeans,White,Summer,2012.0,Casual,Peter England Men White Jeans
57071,Women,Apparel,Bottomwear,Jeans,Black,Summer,2012.0,Casual,Elle Women Black Jeans
28795,Men,Apparel,Bottomwear,Jeans,Blue,Summer,2012.0,Casual,Denizen Men Blue Jeans
27623,Men,Apparel,Bottomwear,Shorts,Beige,Summer,2012.0,Casual,Scullers Men Beige Shorts
38582,Men,Apparel,Bottomwear,Shorts,Black,Summer,2012.0,Casual,Nike Men Black Breakline Med Shorts
4949,Men,Apparel,Bottomwear,Shorts,Blue,Summer,2011.0,Casual,Gini and Jony Boy's Kimon Blue Bermuda Kidswear
27626,Men,Apparel,Bottomwear,Shorts,Brown,Summer,2012.0,Casual,Scullers Men Check Brown Cargo Shorts
53776,Men,Apparel,Bottomwear,Shorts,Green,Summer,2012.0,Casual,Puma Men Green Shorts
28497,Men,Apparel,Bottomwear,Shorts,Grey,Summer,2012.0,Sports,Urban Yoga Men Grey Shorts
30603,Boys,Apparel,Bottomwear,Shorts,Maroon,Summer,2012.0,Sports,Nike Boys Basketball Red Shorts
28143,Men,Apparel,Bottomwear,Shorts,Navy Blue,Fall,2016.0,Casual,Jockey 24 x 7 Men Navy Blue Knit Sport Shorts 9426
25016,Women,Footwear,Shoes,Flats,Beige,Fall,2011.0,Casual,United Colors of Benetton Women Beige Ballerinas
29231,Women,Footwear,Shoes,Flats,Black,Summer,2012.0,Casual,Puma Women Black Grace Flats
57008,Women,Footwear,Shoes,Flats,Blue,Winter,2012.0,Casual,HM Women Blue Sandals
26185,Women,Footwear,Shoes,Flats,Brown,Winter,2012.0,Casual,Rocia Women Brown Casual Sandals
36295,Women,Footwear,Shoes,Flats,Green,Winter,2012.0,Casual,Inc 5 Women Pink & Tan Sandals
45401,Women,Footwear,Shoes,Flats,Grey,Winter,2012.0,Casual,Rocia Women Grey Sandals
45400,Women,Footwear,Shoes,Flats,Maroon,Winter,2012.0,Casual,Rocia Women Maroon Sandals
14697,Men,Apparel,Bottomwear,Trousers,Beige,Fall,2011.0,Casual,Basics Men Beige Trousers
16798,Men,Apparel,Bottomwear,Trousers,Black,Fall,2011.0,Casual,Highlander Men Solid Black Trouser
32563,Women,Apparel,Bottomwear,Trousers,Blue,Summer,2012.0,Casual,ONLY Women directoire blue Trousers
15684,Men,Apparel,Bottomwear,Trousers,Brown,Fall,2011.0,Casual,Highlander Men Classic Chinos Brown Trousers
8885,Men,Apparel,Bottomwear,Trousers,Green,Summer,2011.0,Formal,Scullers Men Scul Green Trousers
31425,Men,Apparel,Bottomwear,Trousers,Grey,Summer,2012.0,Casual,Highlander Men Grey Trousers
23042,Men,Apparel,Bottomwear,Trousers,Navy Blue,Fall,2011.0,Formal,Arrow Men Navy Blue Trousers
33203,Women,Apparel,Dress,Dresses,Beige,Summer,2012.0,Casual,Sepia Women Beige Dress
59972,Women,Apparel,Dress,Dresses,Black,Fall,2012.0,Party,Avirate Black Dress
4932,Women,Apparel,Dress,Dresses,Blue,Summer,2011.0,Casual,Gini and Jony Girl's Valerie Blue White Infant Kidswear
25972,Women,Apparel,Dress,Dresses,Brown,Summer,2012.0,Casual,Femella Women Brown Dress
54972,Women,Apparel,Dress,Dresses,Green,Fall,2012.0,Casual,Femella Women Green & Black Dress
54980,Women,Apparel,Dress,Dresses,Grey,Summer,2012.0,Casual,Femella Women Grey & Coral Dress
34581,Women,Apparel,Dress,Dresses,Maroon,Summer,2012.0,Casual,Tonga Women Maroon Dress
43694,Girls,Apparel,Dress,Dresses,Navy Blue,Summer,2012.0,Casual,Doodle Girls Navy Blue Dress
59895,Women,Apparel,Dress,Dresses,Orange,Fall,2012.0,Casual,Femella Women Orange Dress
27197,Women,Apparel,Dress,Dresses,Pink,Summer,2012.0,Casual,Doodle Kids Girl Pink Dress
38842,Women,Apparel,Dress,Dresses,Purple,Fall,2012.0,Casual,Latin Quarters Women Purple Dress
18736,Women,Apparel,Dress,Dresses,Red,Fall,2011.0,Casual,Arrow Woman Rima Red Dress
43508,Women,Apparel,Dress,Dresses,White,Summer,2012.0,Casual,French Connection Women Navy Blue Striped Dress
57054,Women,Apparel,Dress,Dresses,Yellow,Summer,2012.0,Casual,Elle Yellow Vintage Shift Dress
48478,Women,Apparel,Dress,Dresses,Beige,Winter,2011.0,Casual,French Connection Women Beige Dress
52828,Women,Accessories,Jewellery,Earrings,Black,Fall,2012.0,Casual,Adrika Black Earrings
43772,Women,Accessories,Jewellery,Earrings,Blue,Winter,2012.0,Casual,Royal Diadem Blue Earrings
58112,Women,Accessories,Jewellery,Earrings,Brown,Fall,2012.0,Casual,Rreverie Dark Brown & Turquoise Earrings
52823,Women,Accessories,Jewellery,Earrings,Green,Summer,2012.0,Casual,Adrika Green Earrings
35332,Women,Accessories,Jewellery,Earrings,Maroon,Winter,2016.0,Ethnic,Fabindia Women Maroon Anusuya Earrings
3920,Men,Apparel,Bottomwear,Track Pants,Beige,Summer,2011.0,Casual,Urban Yoga Men's Yoga Beige Track Pant
4827,Men,Apparel,Bottomwear,Track Pants,Black,Summer,2011.0,Sports,ADIDAS Men's Woven Black White Track Pant
17947,Men,Apparel,Bottomwear,Track Pants,Blue,Fall,2011.0,Sports,Puma Men No. 1 logo Blue Track Pant
15480,Men,Apparel,Bottomwear,Track Pants,Brown,Fall,2011.0,Casual,Puma Men Ess Sweat Pants Open Bottom Brown Track Pants
7136,Men,Apparel,Bottomwear,Track Pants,Green,Fall,2011.0,Casual,Urban Yoga Men Bottom Olive Green Yoga Pants
39492,Unisex,Accessories,Headwear,Caps,Beige,Spring,2013.0,Casual,Wildcraft Unisex Beige Cap
25714,Unisex,Accessories,Headwear,Caps,Black,Spring,2013.0,Casual,ADIDAS Unisex NBA Black Cap
22605,Unisex,Accessories,Headwear,Caps,Blue,Fall,2011.0,Sports,Nike Unisex India Stadium Blue Cap
49247,Men,Accessories,Headwear,Caps,Brown,Fall,2012.0,Casual,Arrow Men Brown Cap
49798,Men,Accessories,Headwear,Caps,Green,Summer,2012.0,Casual,Flying Machine Men Green Cap
54913,Men,Apparel,Topwear,Sweatshirts,Beige,Summer,2012.0,Casual,Do u speak green Men Printed Beige Sweatshirt
18963,Women,Apparel,Topwear,Sweatshirts,Black,Fall,2011.0,Casual,United Colors of Benetton Women Solid Black Sweatshirt
15585,Men,Apparel,Topwear,Sweatshirts,Blue,Fall,2011.0,Casual,Proline Men Blue Printed Sweatshirt
23146,Men,Apparel,Topwear,Sweatshirts,Brown,Fall,2011.0,Casual,Quechua Men Fleece Brown Sweatshirt
11370,Women,Apparel,Topwear,Sweatshirts,Green,Fall,2011.0,Casual,United Colors Of Benetton Women Light Wintersweat Green Sweatshirts
32388,Women,Apparel,Topwear,Sweaters,Beige,Summer,2012.0,Casual,Arrow Woman Beige Cardigan
17514,Women,Apparel,Topwear,Sweaters,Black,Fall,2011.0,Casual,Jealous 21 Women Solid Black Sweater
15036,Women,Apparel,Topwear,Sweaters,Blue,Fall,2011.0,Casual,ADIDAS Women Stripes Blue Sweaters
18628,Men,Apparel,Topwear,Sweaters,Brown,Fall,2011.0,Casual,Puma Men Knitted Chocolate Brown Sweaters
19960,Men,Apparel,Topwear,Sweaters,Green,Fall,2011.0,Casual,United Colors of Benetton Men Solid Green Sweater
20792,Men,Apparel,Topwear,Jackets,Beige,Fall,2011.0,Casual,Basics Men Beige Blazer Jacket
18999,Men,Apparel,Topwear,Jackets,Black,Summer,2011.0,Casual,ADIDAS Originals Men Adi Firebird TT Black Jacket
6783,Men,Apparel,Topwear,Jackets,Blue,Summer,2011.0,Casual,Timberland Men Cargo Stratham Hood Blue Jacket
59131,Men,Apparel,Topwear,Jackets,Brown,Summer,2012.0,Casual,Just Natural Men Brown Jacket
57067,Women,Apparel,Topwear,Jackets,Green,Summer,2012.0,Casual,Elle Women Green Retro Jacket
24846,Men,Apparel,Topwear,Jackets,Grey,Summer,2015.0,Casual,Wildcraft Men Grey Wind Cheater Jacket
15020,Men,Apparel,Topwear,Jackets,Maroon,Fall,2011.0,Sports,ADIDAS Men Solid Maroon Jackets
19855,Men,Apparel,Topwear,Jackets,Navy Blue,Winter,2016.0,Casual,U.S. Polo Assn. Men Solid Navy Blue Jackets
30924,Women,Apparel,Bottomwear,Skirts,Beige,Summer,2012.0,Ethnic,Fabindia Women Printed Beige Ghera Skirt
48493,Women,Apparel,Bottomwear,Skirts,Black,Winter,2011.0,Casual,French Connection Women Black Skirt
9994,Women,Apparel,Bottomwear,Skirts,Blue,Summer,2011.0,Casual,Gini And Jony Girls Ac Arnia Skt Blue Skirts
18711,Women,Apparel,Bottomwear,Skirts,Brown,Fall,2011.0,Casual,Arrow Woman Printed Brown Skirt
11260,Women,Apparel,Bottomwear,Skirts,Green,Summer,2011.0,Casual,Palm Tree Kids Girl Sp Jace Sko Green Skirts
26364,Women,Apparel,Bottomwear,Skirts,Grey,Summer,2012.0,Formal,Arrow Woman Grey Skirt
5019,Women,Apparel,Bottomwear,Skirts,Navy Blue,Summer,2011.0,Casual,Levis Kids Girl's Betsy Navy Kidswear
46813,Girls,Apparel,Bottomwear,Skirts,Pink,Summer,2012.0,Casual,Gini and Jony Girls Pink Skirt
